创世记|创15:1–21：应许怎样越过人的无力|亚伯兰的问题很具体：没有亲生后裔，家产将由家中仆人承接。神没有先要求他证明配得，而是重申应许；15:6的相信，是信靠说话的神，不是用强烈心理状态制造现实。|立约仪式中，亚伯兰沉睡，火的记号经过牲畜之间，叙事把应许的保障指向神的承担。13–16节同时预告受苦与等待，因此确信不是即时得到土地；罗4正借此说明称义出于恩典。|列祖既蒙拣选，为何还详细记下他们的失败？|为防止把应许解释为优秀家族的奖赏。神守约使人可以悔改信靠；人物的罪仍受揭露并造成伤害。读者应效法信心，不复制欺骗与权力滥用。
出埃及记|出32–34章：救赎之后的背约危机|百姓造金牛犊时并非完全忘记出埃及，而是想用看得见、可控制的形式重新安排敬拜。亚伦把它连到节期，显示错误敬拜可以保留宗教语言，却改变神已启示的方式。|摩西代求诉诸神的名与对列祖的应许，不诉诸百姓值得保留。34:6–7把怜悯、信实与不以罪为无罪并列；恢复不是宣布罪不严重，而是神在审判真实的处境中施恩。|为何会幕图纸前后夹着金牛犊故事？|图纸说明神怎样赐同在，背约说明百姓为何不能自然承受同在，约更新说明同在得以继续的根源在神的怜悯与中保。40章因此是恩典的结局，不是工艺比赛的奖杯。
利未记|利16章：谁能接近至圣所？|亚伦不能任意进入，须按神设立的道路献祭并洁净圣所。仪式同时涉及祭司、百姓与受污的敬拜空间，说明罪的后果不只停在个人心理，也破坏群体亲近神的秩序。|一只山羊的血与另一只所承担并带走的罪，共同呈现赎罪与除去罪的图像。来9–10的论证关键是重复仪式的限度与基督一次献祭的完成，不能退回影儿寻找更可靠的救恩。|既然基督成全献祭，还需读这些条例吗？|需要。它们教我们罪、圣洁、中保与亲近神为何相连；应用须经过基督的成全，保留真理而非复制礼仪。这也使人明白赦罪不是神对罪无所谓。
民数记|民14章：探地危机如何暴露不信？|探子承认土地美好，却把敌人的强大作为否定神应许的理由。百姓甚至想回埃及；他们追求安全，却忘记那安全曾是奴役。迦勒、约书亚并非否认危险，而是从神的同在判断危险。|摩西代求再次诉诸神的名和怜悯。赦免与不能进地的管教同时发生，说明赦罪不自动消除一切历史后果；神继续新一代的旅程，也说明应许没有被人的失败完全堵死。|旷野故事为何可以警戒教会？|林前10将其作为约民的警戒：经历救赎记号、属于共同体，不能取代持续信靠。警戒不是让悔改者绝望，而是促使人停止以身份自保、重新归向神。
申命记|申8章：富足为什么比匮乏更容易使人忘神？|回顾旷野不是赞美贫穷本身，而是记念人在缺乏中怎样依靠神供应。进入土地后，房屋、牲畜和财产容易使人把成果全部归给自己的能力，进而把神降为可有可无。|8:18把获取财富的能力也放在神守约的供应中；这不否定劳动，却纠正自足。6章的代际教导因此不是只背命令，还要不断讲述神为何拯救、百姓为何应当爱他。|爱神与遵守命令是什么关系？|顺服是爱在实际生活中的形态，不能只剩情感；但人需要30章所说的心被更新，不能靠外部合规恢复与神的关系。恩典生出忠诚，忠诚不是恩典的购买价。
约书亚记|书2章与7章：喇合和亚干为何放在同一故事里？|喇合听见神的作为并投靠他，虽是迦南人却得保全；亚干属于以色列，却在灭尽之物上背约。叙事让外在身份与真实回应之间的区别具体可见。|土地争战因此不能简化为某族群天然比另一族群优越。神施行审判，也接纳投靠者；21章应许实现之后，24章仍要求弃偶像，显示得地不是永久忠诚的自动装置。|来4为何说约书亚没有给出最终安息？|因为历史性的得地真实成就应许，却未除尽罪、死亡与不信。正典盼望继续推进，直到基督所赐的救恩与终局；这既不否认旧约成就，也不把它当作全部终点。
士师记|士2章与末尾：拯救为何没有停止败坏？|2章给出解释框架：人拒绝神，受压后呼求，士师兴起使他们暂得释放；士师死后又回到更坏的路。外部敌人被打败，人的忠诚却没有因此自然更新。|末尾偶像与内战把镜头从英雄转到社会，显示危机不只缺少一位强人。真王必须带来公义治理；后来王国同样败坏，又迫使盼望进一步指向基督而非任何人类政体。|怎样分辨被记载与被认可？|读叙事评价、后果和全书结构，不单看人物曾被神使用。参孙的恩赐不洗白罪，耶弗他的誓言也不成为模范。神施救与人物行为是否正确是两个需要分别判断的问题。
路得记|得2与4章：怜悯怎样成为可执行的责任？|波阿斯不是只说祝福，而是提供安全、饮水、拾穗空间和额外粮食；路得也认真劳作。恩待既避免羞辱，又回应现实生存困难，显示忠诚如何进入普通收割日。|4章在城门查清近亲优先次序，由见证与交易落实赎回；怜悯没有取消公共程序。结尾转到大卫，说明一个小家庭被保全的故事也参与神对百姓的王权应许。|波阿斯是不是基督的完整对应？|不是。亲属赎回提供理解承担责任与代价的历史形态，太1又把家谱接到耶稣；但基督的赎罪、神人二性与复活远超这段婚姻和土地安排，不能逐个细节强配。
撒母耳记上|撒上15章：宗教理由怎样掩盖不顺服？|扫罗先宣称自己完成命令，再把留下牲畜归因于百姓，并以献祭为理由。故事追踪的是推责和自我辩护，不只是仪式选择；王仍须听从神，而不是用宗教用途取得特例。|撒母耳指出听从胜于祭祀，把判断从扫罗的声誉转向神的话。扫罗随后关心在长老面前被尊重，进一步显出地位焦虑；16章的拣选则纠正仅凭外貌评估王的标准。|大卫等候扫罗失位为何不等于容忍所有虐待？|本书涉及特定受膏王位与大卫拒绝以谋杀夺权；大卫也逃离危险并寻求保护。可学习不以恶得权，不能据此要求受害者留在暴力环境或放弃合法求助。
撒母耳记下|撒下7与12章：永远王约是否给大卫免责？|7章应许与管教并列；王朝的延续并非神批准每位王的行为。11章对乌利亚的欺骗与谋杀，12章被拿单明确揭穿，显示受膏地位并不能使王逃离神的审查。|拿单的比喻使大卫先判断他人的侵夺，再看见自己的罪。赦免是真实恩典，家庭和国家中的后果也真实发生；正典因此需要一位不会以权力伤害百姓的公义大卫之子。|悔改为什么不能只停在领袖说我错了？|本书把罪具体呈现为侵夺、欺骗、杀人及后果。今天的悔改同样必须面对受害者、安全、责任和修复；赦免不自动恢复全部职任，更不能取消调查与问责。
列王纪上|王上12:25–33：金牛犊为什么是政治工程？|耶罗波安担心百姓往耶路撒冷献祭会恢复对大卫家的忠诚，便设地点、祭司和节期。问题不只是出现雕像，而是由王为政治安全重新定义约民敬拜。|罗波安以加重劳役回应诉求，耶罗波安以宗教替代确保地位；两个王的选择连起政治与敬拜危机。先知的责备使读者看见，稳定统治不能作为违背神的话的理由。|所罗门有智慧、建圣殿，为何仍走向背约？|智慧恩赐与外部成就不是持续忠诚的替代品。11章将婚盟、爱慕与随从别神连起；读者不能只背辉煌前半段，而应看欲望和政治利益如何逐步侵蚀敬拜。
列王纪下|王下17:7–23：亡国的原因怎样被解释？|作者先记撒玛利亚被攻陷，再给长段神学解释：百姓随从别神、拒绝先知劝告、效法列国并离弃约。军事失败是事件层面，持续违约是书卷明确指出的判断层面。|结尾约雅斤获释只能称为王室微光，不能说完整国度已经恢复。597年的王与精英被掳、587/586年的城与殿被毁要分开记；应许的未来仍需要先知进一步展开。|为何约西亚改革没有取消最后毁城？|改革真实，却不意味着积累的恶和社会后果被一次典礼删除。书中仍肯定他，又说明玛拿西等造成的罪责；忠心的价值与神是否立即扭转所有局势不能混为一谈。
历代志上|代上29章：奉献与王权如何避免自我夸耀？|众人甘心献上材料，大卫随即承认财富与尊荣来自神，人所献的先是所领受的。工程越大，越需要这个认识，否则奉献容易变成证明领袖能力和阶层身份的舞台。|家谱、大卫历史与事奉安排把失去王国的群体重新连到应许。归回者仍有敬拜身份和共同责任，不需要先恢复古代政治强盛才可忠心；其盼望也不能停在大卫本人。|历代志较少写大卫的失败，会不会取消另一书的记载？|不会。应按同一正典中的不同选材目的来读：撒母耳记揭露王的罪，历代志强调归回群体的身份、敬拜和预备。两者共同阻止既无盼望、又无问责的读法。
历代志下|代下7:11–22：悔改应许有什么具体边界？|神回应圣殿奉献，谈到旱灾、蝗灾与瘟疫，并呼召约民自卑祷告、转离恶行。土地、圣殿和摩西之约的祝咒是原始语境，不能从其中取一句就换成现代国家的同款契约。|同一段又警告若离弃神，圣殿会被舍弃，过路者也会追问败落原因。恩典应许与严肃警告同时存在，真正应用必须保留悔改、忠诚与神自由施恩，而非机械兑现。|今天教会还能从7:14学习什么？|可以学习共同认罪、祷告和转离具体罪；但要经由基督的新约中保来理解蒙赦与更新，不承诺某一现代国家只要举行祷告活动就必得政治经济成功。
以斯拉记|拉7:10：研究、遵行、教导为何不能拆开？|以斯拉面对的群体不只需要恢复仪式，还要再次学会按约生活。研究使教导有依据，遵行使教导者也受真理审查，教导使群体能共同明白；任何一项缺席都会扭曲改革。|圣殿完成后仍有严重背信，说明建筑和制度无法独自更新心。书中呼召与新约重生盼望相接；处理特定婚姻危机时，更要使用完整正典而非直接复制10章做法。|为什么本书使用波斯君王的诏令？|显出神的护理也通过公共制度与帝国许可施行，不只通过明显神迹。利用合法资源不等于把帝国称为神国；归回者仍须保持敬拜忠诚并面对政治限制。
尼希米记|尼5与8章：墙建成为什么还不算群体恢复？|第5章的债务和土地问题表明，外敌之外，内部强者也会使弟兄失去生存空间。修墙保安全不能合理化资源剥削；尼希米公开查问并要求退还，使改革落到财产与权力。|第8章读律法还需讲明意思，使人听懂；认罪、喜乐和群体安排建立在明白神的话上。第13章旧罪再现又说明决议不是重生，群体需要持续教导与问责。|祷告和计划是否彼此冲突？|并不。尼希米祷告、向王请求、查看城墙、组织守卫，形成负责行动；信靠指行动的根源与终极依靠，不是停止收集事实，也不是用计划保障神必须照办。
以斯帖记|斯4与6章：看不见神的时候怎样承担责任？|末底改的劝告同时肯定拯救的盼望和以斯帖当前位置的责任；她无法确保求见安全，却组织禁食并采取行动。神的保守不是免去所有风险，也不是让人只等待别人承担。|6章王失眠、记录被读与哈曼来访的时机使权力布局反转，叙事引导读者看见隐藏护理。解释为护理不等于每一项人物行为都被称义，仍要分辨谋略与暴力的边界。|神的名未出现，为什么本书仍属于救赎历史？|因为故事关注约民在灭族危险中被保全，应许历史继续。它训练读者在不明显的处境中认出神的信实，而非要求神每次都以异象或神迹证明自己在场。
约伯记|伯42:7–9：朋友错在哪里？|朋友反复把苦难与特定个人犯罪锁死，用看似正确的公义话语逼约伯认一个未被证明的罪。问题不是神不公义，而是他们假装掌握了这次受苦的全部因果，超越了自己的知识。|神责备朋友并让约伯为他们祷告，逆转谁才最需要被纠正的判断。约伯也承认有限；得恢复不代表每位受苦者今生得到同款结局，而说明解释权不在人手里。|既然神最后没有详列原因，约伯的追问还有意义吗？|有。哀诉仍是向神说话，神没有把所有痛苦表达判为不信。信心可以同时坚持神的公义、拒绝无证据指控、承认自己的限度；基督受苦和复活进一步支持这种盼望。
诗篇|诗73篇：恶人兴旺如何挑战信心？|诗人不是从抽象疑问开始，而是看见傲慢者安逸、自己却受苦，几乎认为清洁生活无益。进入圣所改变的首先是判断视角：短期繁荣不等于最后结局，也不等于真实福分。|23–28节把最终安慰转向与神同在，而非要求神立刻让自己的资产超过恶人。诗篇容许这种挣扎进入敬拜，教会也不应只唱胜利而不给疑惑、认罪与哀伤语言。|怎么避免把每首诗直接读成我的应许？|先识别诗人声音、王与群体处境、文体和新约引用，再作应用。诗22和110有明确基督关联；其他诗的祈求仍要按正典认识神，不能把诗歌意象变为个人保险合同。
箴言|箴26:4–5：相邻两句为什么作不同劝告？|不照愚昧回答可防止自己也陷入同样逻辑；照其愚昧回答可揭露错误，使对方不自以为有智慧。它们指出两种危险，要求读者观察处境，而不是选择一条永远不变的技巧。|敬畏神提供判断方向，具体辨识决定应用方法。智慧能减少伤害，却不保证免除一切痛苦；约伯、传道书和十字架共同防止把箴言变成善人必顺利的机械因果。|智慧与靠自己称义哪里不同？|智慧回应创造主、训练负责生活，称义则解决人在神面前的罪责，根基在基督。实践箴言有价值，但不能把较好的品行当作神必须接纳我的资本。
传道书|传2:18–26：劳动的成果为何不能救人？|人辛劳积累成果，却无法控制继承者怎样使用，也无法靠成就延长生命。传道者不是命令人停工，而是揭穿把劳动当作取得终极安全、价值与不朽的方法。|在这个限度中，吃喝和劳碌中的好处仍可作为恩赐领受。12章敬畏与审判使伦理不被虚空吞没；新约复活盼望又说明劳苦可以有意义，而其意义不由个人掌控结局来保障。|虚空是不是等于所有事情都无意义？|不是。全书同时承认智慧较好、食物可享、责任应尽；虚空暴露短暂、难测和抓不住的处境。承认有限使人放下救自己的人生工程，并不叫人抛弃生活。
雅歌|歌8:6–7：爱为什么不能被购买？|诗歌以印记、火焰和洪水刻画亲密关系的专一与强烈；财富买不到这种相属，因为爱不只是可交换的功能。意象应作为诗歌理解，不需给每种元素配一个秘密神学含义。|本书在正典中维护身体与婚恋的美善，纠正把圣洁等同厌弃身体的想法。婚姻与基督教会的关联有弗5支持，但属灵应用不应抹去双方真实的渴慕、尊重与忠诚。|为何不把整卷仅当作神与教会的密码？|这样会取消创造中的人间爱情，也容易生出无法受经文约束的寓意。可以沿整本圣经理解婚姻与救赎的关系，却先承认这首诗怎样谈人的爱、专一和时机。
以赛亚书|赛52:13–53:12：仆人的得胜为什么经由受苦？|开头宣告仆人被高举，随后却出现被厌弃和受伤的身影。诗中说话者逐渐承认原先判断错了：所看见的痛苦不是只说明仆人失败，而涉及他担当别人过犯。|担当罪与最终称许把公义、怜悯和得胜连起来；徒8据此向埃提阿伯人讲耶稣。这个成全有使徒根据，不能只说仆人是勇敢受害者榜样，也不能将身体医治抽成即时健康保证。|为何先读亚述和被掳处境，再读基督？|因为审判、安慰、归回和仆人使命在真实历史中展开；新约成全使这些线索达到高峰，并不让原读者的恐惧、罪与盼望消失。历史与基督中心是互相支持的两层阅读。
耶利米书|耶31:31–34：新约具体新在哪里？|百姓破坏先前的约，神却主动宣告新的施行：律法写在心里、认识主和罪得赦免。所解决的不只是圣殿失去或政治失败，而是不断背约的心与真实罪责。|来8引用本段，把根基指向基督更美的中保。神的圣洁旨意没有变成无要求的关系，恩典也不是外加几条规矩；中保完成与圣灵施行使认识神和顺服更深进入生命。|29:11为什么不能当短期成功承诺？|它面向需要长期在巴比伦生活的被掳群体，同段要求劳动、家庭生活和求城平安。安慰是神的应许不被审判废掉，不是每个个人计划立即翻转或事业一定上升。
耶利米哀歌|哀3:19–33：盼望如何发生在哀伤中？|诗人先记苦楚与失望，再转向神未断绝的怜悯。经文没有删除饥荒、死亡和羞辱；正因为这些痛苦真实，怜悯才成为等候的根据，而不是装饰性乐观。|第三首在五首中间保留盼望，末首却仍求恢复，结构让读者明白盼望可以尚未看见答案。教会以基督复活作更充分根据，也不应强迫受伤者马上表现快乐。|承认群体的罪，会不会取消施害者责任？|不会。哀歌允许承认背约，又把苦情向神陈述；现代应用同样要区分认罪、损失与他人伤害。求神怜悯不能替代保护受害者和查明事实。
以西结书|结36:22–28：新心不是怎样的自我改良？|神先说为自己的圣名行动，再应许洁净、赐新心和灵，使百姓能遵行。恢复的源头不是流亡者终于靠努力补足资格；神主动处理污秽与顽梗，目的也不是保留旧罪只换新地点。|赐灵与遵行在同一段相连，阻止把恩典和责任对立。37章枯骨接着描述无生命的群体被神使之复起；两幅图共同说明归回若只改建筑与人口，仍未到达深层目标。|最后圣殿异象与教会有什么关系？|需沿约2、弗2、启21等正典线索理解圣洁同在在基督里的成全。具体细节有解释讨论，不宜把现代工程图当唯一答案，也不宜因争议而取消全书同在的中心。
但以理书|但3:16–18与7章：忠心为什么不靠保证脱险？|三个朋友承认神能救，也说即或不然仍不拜金像；决定来自神是谁，而不是先取得安全合同。叙事确有脱险，却已在回答中排除把这次结果变成每个信徒必有的待遇。|7章以兽描绘帝国力量，以人子和神审判显明另一种治理。受压的圣民等待国度，不因强者暂时取胜就改换敬拜；基督引用人子图像，使这个盼望有具体中保。|基督掌权为何信徒仍可能殉道？|神已定下最后胜利，却未应许所有人今生避开暴力；新约复活盼望使忠心不由是否立刻获救衡量。依法求保护和坚定信仰可以同时存在，不必人为制造危险。
何西阿书|何14:1–9：归回如何超出一句对不起？|百姓被教导带着话语归回，求罪得赦，并明确放弃亚述、战马和自己制造的神。祈求不是只改情绪，而是重新确定谁给安全、谁值得效忠、谁能施怜悯。|神应许医治背道，恢复图像包括扎根与结果，说明怜悯不是让人继续同一背信生活。全书婚约与父子语言把爱和罪的严重性同时保留，不能用关系式安慰消除罪责。|先知婚姻可以直接成为现代受虐婚姻的命令吗？|不可以。它是特定启示行动，指向神和约民，不给施害者权利，也不取消受害者求安全与公正。应用须经过全书与新约的爱、责任和保护要求。
约珥书|珥2:12–17与28–32：为什么圣灵盼望接在归回后？|撕裂心而非只撕裂衣服揭露外在表现的限度；全群体被召面对神，祭司也为百姓代求。这里不是靠更强烈仪式操纵恢复，而是向有恩典的主求怜悯。|圣灵临到不同年龄、性别与社会地位的人，使见证不被精英垄断。徒2把应许连到复活升天的基督；五旬节因此是救赎历史推进，而非只重复一次农业灾难后的情绪振奋。|怎样使用补还蝗灾年岁的安慰？|先看约民在具体灾祸中蒙恢复的语境，再以神信实供应和救赎作盼望。不应承诺所有损失都会按原形归还，更不能暗示还受损的人必定没有悔改。
阿摩司书|摩5:18–24：为什么神拒绝宗教热闹？|百姓期待主的日子打败敌人，先知却说他们自己也在审判下。节期、祭物和歌曲若与扭曲司法及欺压穷人并存，就成为以敬拜自保，而非对神的忠诚。|公义如水不是在敬拜之外补一个慈善项目，而是恢复约民生活的整体正直。9章恢复与徒15外邦人蒙召相接，说明神重新建造百姓不是为了维持原有优越和利益。|公义行动能否代替信心和赦罪？|不能。全书以认识神、听他的话和归向他为根本；行动证明忠诚，却不买到救恩。反面也一样：正确教义与热情敬拜不能抵消克扣工资、枉法和交易中的罪。
俄巴底亚书|俄10–14节：旁观怎样逐步成为参与？|先知的责备沿着站在一旁、欢喜、抢夺、拦截逃亡者逐步加深。以东不只是错过帮忙机会，而是利用弟兄的灾难扩大自己的利益和安全，旁观因此不是总无责任。|15节把所作所为放在主的日子下，21节又宣告国度归主。公义最终不由胜者自行定义；神的审判给受压者盼望，也限制人凭血缘和族群自我夸耀。|如何避免把以东当作现代敌人的标签？|先按古代行为与具体控诉读，再检视自己是否有同样幸灾乐祸、趁火打劫和阻断求助。应用指向罪的模式，不是给某民族永久判罪或为个人报复授权。
约拿书|拿4章：先知为什么因城得救而愤怒？|约拿并非不知道神有恩典，恰恰知道才想逃开；他不愿敌城享受自己所需要的怜悯。蓖麻的得失使这种不一致显形：他珍惜自己的舒适，却难怜惜城中生命。|全书最后神提问，读者没有得到先知最终答复，便被放到同一问题前。基督的约拿记号连到受死复活，万民蒙恩也显明救赎不能被某群体当作私有资源。|神怜悯尼尼微是否等于对暴力无所谓？|不是。悔改涉及离开恶行与强暴；那鸿后来审判同一城市，说明一次宽待不是永久豁免。怜悯给归回机会，公义仍对真实罪作判断。
弥迦书|弥6:1–8：神为什么先回顾救恩再要求公义？|约的诉讼先问神曾怎样重担百姓，接着列举出埃及与保守。百姓想用祭物数量解决关系危机，先知却指向行公义、好怜悯和谦卑与神同行：问题在忠诚，不在礼物太少。|7章仍需神赦罪，并把盼望归于向列祖的信实，说明6:8不是凭三种德行自救。5章君王应许也使人盼望公义治理有真实中保，而不只加大对百姓的道德要求。|三个要求怎样落到今天？|公义是不欺骗、不侵夺、依法负责；怜悯是主动保护弱者；谦卑承认自己也需恩典和纠正。它们不能只留在口号，须检查土地、金钱、言语与权力如何被使用。
那鸿书|鸿1:2–8：不轻易发怒与必审判如何同在？|经文将忍耐、能力和不以恶为无罪并置，防止把忍耐解释为无力或漠视。神对暴力的最后判断不是一时冲动，而是给被帝国践踏者的真实公义。|3章把城市的流血、谎诈与掠夺命名，使审判不是单纯另一强国取代旧强国。约拿和那鸿合读，可看见恩典曾呼召悔改，后来持续暴行仍要面对后果。|为什么审判信息也能是安慰？|因为若伤害永不被判断，强者就可永远定义现实。神伸冤使人不必把私刑当唯一出路；同时不取消当下保护平民、查明伤害和合法求助的责任。
哈巴谷书|哈2章：被神使用的巴比伦为何仍受责备？|先知追问神怎能容许更凶暴的势力吞灭人；回应的五祸明确谴责掠夺、血债、羞辱和偶像。神藉历史管教犹大，并没有把巴比伦的私欲转成无罪。|2:4把自大与信靠对置，3章以无花果无果的处境落实忍耐。保罗与希伯来书进一步使用因信得生，显明信心的对象是神和他的应许，非对成功局势的乐观预测。|向神追问会不会就是不信？|未必。本书正以申诉、等候与祷告推进；问题在是否仍向神寻求、愿受他的话纠正。坦诚困惑与最后的信靠可以相连，不必先装作全部理解才准祷告。
西番雅书|番1:12与3:12–20：冷漠如何变成约的危机？|有人以为神既不赐福也不降祸，实际把生活安排成无需认真回应神。审判揭穿这种自足；罪不只公开反对，也可以是保留宗教外表、内心却视神为无关。|恢复后的余民以谦卑与诚实为特征，末尾又召聚被赶散和羞辱者。神因百姓喜悦，是更新后的关系图像，不是保证他赞许每种选择；恩典更新群体价值排序。|余民是不是自认为更纯洁的小圈子？|不是。余民是神施恩保留、使之谦卑的群体，不是人用身份筛出的优越阶层。今天的群体要警醒，同时向失丧和受羞辱者展现怜悯，不能靠排斥制造安全感。
哈该书|该1章与2章：重建的目标究竟是规模还是同在？|百姓把神殿放在延后项目里，却并非停止经营自己住宅；先知要求省察优先次序。与此同时，新殿外观比不上旧殿的人被安慰，说明重建不是凭奢华证明神认可群体。|2:4–5以神同在和他的灵支持行动，盼望超过眼前资源。具体建殿使命属于归回历史；基督成全圣殿实质，现代应用应检视敬拜与共同责任，而非照搬工程募款。|为什么不能用本书解释所有贫穷？|因为书中将特定匮乏解释为该约民处境的管教，没有给人判断所有贫困者的权柄。应先查明真实处境、保护弱者，不能说奉献不足导致疾病和经济失败。
撒迦利亚书|亚3章：大祭司的污衣为何由神处理？|约书亚站在控告面前，污衣显明群体代表的洁净问题。神责备控告、除去污衣并赐服饰，使恢复根基落在神施恩，而不是祭司先用职任或表现证明自己无罪。|随后仍有遵行与守职的呼召，恩典没有取消责任。苗裔应许将眼前重建连到未来中保；7章又要求公义怜悯，说明异象的安慰不能让群体脱离实际生活。|凭神的灵是否意味不必规划、不必劳动？|不是。4章安慰承担建殿工作的所罗巴伯，目标正是使他继续承担任务。它否定人的势力为终极保证，不否定努力、资源管理和对邻舍的负责。
玛拉基书|玛3:1–5：主临到为什么先洁净自己的百姓？|百姓问公义的神在哪里，回应却不是只惩罚别人：主来到自己的殿，炼净祭司与敬拜，再审查奸淫、伪证、克扣工资和欺压。神的临到让群体自身也受真理判断。|使者预备道路在福音书中连到施洗约翰，基督临到实现更深洁净。等待救主因此需要悔改，而非只凭宗教身份要求神替本群体清除对手。|奉献应如何避免成为交易？|承认资源来自神，以感恩支持敬拜和邻舍需要；不借3:10承诺奉献者必发财，也不以金额衡量得救。财务教导要顾及公平、透明和贫乏者的处境。
马太福音|太16:13–28：正确认信为什么马上遇见十架？|彼得说耶稣是基督，却拒绝他必须受苦；这使称号和内容的区别浮现。耶稣不是按门徒的权力想象作王，而是经由受死复活施救，跟随也必须放下自我保全为最高目标。|前半的亚伯拉罕、大卫与成全，后半的新约之血和万民使命在十架交会。登山讲论的义由此成为国度子民的生命形态，不能独立成自救伦理，也不能因恩典而被删除。|背十字架是否要求放弃一切安全与正义？|不是。它要求跟随基督、拒绝以自我为主，不给施害者伤人权利。门徒可逃离逼迫并承担保护邻舍的责任；自愿忠诚的代价与被权力强迫受害必须区分。
马可福音|可10:35–45：门徒争首位怎样被重新定义？|雅各约翰求荣耀座位，其余门徒也因地位争夺而恼怒。耶稣先指出列国权力靠辖制，再要求群体以服事作大；他的行动不是口头谦虚，而是舍命作多人赎价。|服事榜样建立在独特救赎之上：门徒不能替人担当罪，却可以被中保的自我给予塑造。15章十架看似完全失权，实际揭露神国得胜不同于强者压服弱者。|怎样区分谦卑领导与没有边界？|谦卑以建造别人为目的，仍需真理、纪律和责任；没有边界则任由伤害继续。基督的服事不否定权柄，而是纠正权柄的目的和用法，领袖应可被问责。
路加福音|路15:11–32：两个儿子为何都需要父的恩典？|小儿子把父的产业当独立生活的资本，长子把长年服事当索取待遇的工资；一人离家，一人不愿进筵席，却都难以按恩典理解父的关系。故事不是只责备外在放纵。|父出来迎接，也出来劝长子，显出罪人与自义者都被邀请归回。比喻开放结尾使听众回应；19章撒该随后把悔改落实为赔偿，说明接纳的恩典能产生真实责任。|恩典接纳是不是无需承认伤害？|不是。小儿子承认罪，撒该处理侵夺；恩典先行不要求买到赦免，却不保留旧的伤害模式。应用时应同时讲赦罪、归回和修复，避免感动之后一切照旧。
约翰福音|约6章：吃过饼的人为何仍离开耶稣？|群众追求食物和可掌控的王，耶稣却引向他自己所赐的生命。神迹显明身份，不是终止饥饿需求的万能服务；当话语冲击他们的预期，许多人退去。|彼得留下不是因全部难题已解，而是认出永生之道在主那里。信心由此不能化为得到某种好处的合同；十架与复活说明救主所赐的生命比群众原先的要求更深。|约翰说信的人得生命，这信具体是什么？|是领受关于耶稣的见证并信靠这位基督、神的儿子，不只喜欢神迹或同意几项观点。书中顺服、相爱与持守显出相属，但不是用这些表现为生命付钱。
使徒行传|徒15章：外邦人进入教会需先变成犹太人吗？|争论不是是否应有圣洁生活，而是割礼和摩西律法是否成为得救门槛。彼得以神赐灵和洁净心作见证，雅各引先知应许；会议的判断让福音与文化身份清楚分开。|给外邦人的安排也顾及偶像、圣洁与共同生活。教会合一不是没有界限，也不是让优势群体掌握接纳资格；同一恩典接纳不同民族，彼此仍要负相爱责任。|使徒行传的每个细节都能直接复制吗？|不能。使徒奠基与族群首次归入有特殊历史位置，叙事也呈现不同次序；教会应持守所传福音、圣道圣礼与使命，并按全本新约判断制度，而非只选喜欢的一次事件。
罗马书|罗3:21–26与6:1–14：称义如何改变罪的统治？|3章把称义根基放在基督的救赎与神显明公义，不在人的族群身份和行为功德。6章再回应既有恩典何不继续犯罪：救恩使人归入基督同死同活，改变所事奉的主。|二者不能互换：新生活不是神接纳我的根据，神接纳也不是许可继续顺服罪。8章确据与争战同在，圣灵使人呼叫父并治死恶行；改革宗的感恩结构由此有经文根据。|罗9的主权为何没有取消罗10的宣教？|同一论证既维护神施恩的自由，也要求传讲使人听见、相信。人不能以拣选教义猜测谁不值得听福音；恩典主权支持宣教盼望，并不取代真实呼召和人的回应。
哥林多前书|林前11:17–34：圣餐的罪为何涉及穷人？|聚会中富有者先吃饱，有人却饥饿受羞辱；保罗说这样的行为否认共同纪念主的实际意义。问题不只私人敬虔不足，而是用阶层便利破坏基督所召聚的身体。|主的舍身与立约之血是圣餐中心，群体不能一面纪念，一面轻视属主的人。自省要涉及真实信靠、悔改和对弟兄的态度，不是要求人先达到绝无软弱才可领受。|恩赐越显眼是否就越属灵？|不是。12章各肢体互需，13章爱约束恩赐，14章以建造和明白作判断。能力不能免除品格和问责，也不能让普通成员被视为无用；神的恩赐服务共同体。
哥林多后书|林后8:16–24：财务透明为什么属于福音见证？|保罗安排多人参与捐款管理，并说明要避免在大笔馈赠上被人责备。诚实不是只说自己内心清白；公开程序使教会、同工和受助者都受保护。|这与全书职事逻辑一致：权柄为建造，恩典激励慷慨，事奉者不占据神的位置。9章所赐资源也以丰富施予和感谢神为目标，不能改成奉献换个人暴利的算式。|能力在软弱上显明，会不会免除失职责任？|不会。人的有限使能力归神，不使操控、欺骗或不负责任被称为属灵。保罗同时强调诚实、避免绊倒和可看见的问责；软弱与罪必须分别判断。
加拉太书|加2:11–21：餐桌问题怎样成为福音问题？|彼得因害怕某群体而退出与外邦信徒同桌，行动暗示这些人仍不够资格。保罗不是为饮食风格争吵，而是指出这样做迫使外邦人接受额外身份条件才能被完整接纳。|因信称义进入共同生活，不能只留在讲章。5章自由用来相爱服事，不是取消圣洁；6章恢复软弱者又要求温柔，使教义的清楚与牧养的耐心同在。|反对靠律法称义是不是反对旧约？|不是。保罗正以亚伯拉罕应许和律法位置说明基督；否定的是把律法实践作称义根基。旧约揭示应许、显罪与圣洁，须按基督成全的正典关系使用。
以弗所书|弗2:1–22：个人得救与跨族群和好为何是一段论证？|前半说人死在罪中，靠恩典被使活，排除行为夸口；后半说外邦人从远离到亲近，双方由十架和好。共同罪责与共同恩典拆掉彼此优越，不让接纳由文化资本决定。|神所建造的圣殿是归于基督的群体，4章因此要求言语、劳动和饶恕实际更新。教会合一不能只靠同时参加活动，而需面对真实敌意和不平等怎样被福音改变。|求合一是不是不能讨论教义？|不是。4章同时讲一信、一主和在真理中长进；合一有共同福音根基，也需谦卑忍耐。只讲真理而轻蔑人、只求气氛而隐藏错误，都不能完整实现本书的教会图景。
腓立比书|腓2:12–13：人的努力与神运行是否互相排斥？|命令面向已经属于基督的群体，承接不争竞和基督降卑的劝勉。作成不是从零赚取救恩，而是认真活出救恩；敬畏来自面对神真实运行，不是靠焦虑凑足功德。|神使人立志行事，不把人变成没有责任的旁观者。2章接着给提摩太、以巴弗提的实际服事作例，说明经文落在同心、承担和照顾，而不是只讨论抽象自由意志。|4:13能否用于保证任何目标成功？|不能。上下文是保罗学会在匮乏和富足中知足，基督赐力量使他忠心面对不同处境。它给忍耐与服事根据，不给竞赛、投资或个人野心必胜的保证。
歌罗西书|西2:8–23：为什么更严格的制度未必更圣洁？|人可能通过禁戒、特殊经历和天使崇拜制造属灵等级，却离开元首基督。保罗指出神性丰盛在基督里，罪债已在十架处理；额外制度不能补足这位救主的不足，因为他并无不足。|苦待己身可能显得有智慧，却不能凭自身技术胜过罪。3章真正更新来自与基督同死同活，落实为诚实、饶恕、爱与感恩；形式严厉和生命被改变要分别看。|首生是否说明基督是受造物？|不是。1:16–17说明万有藉他而造、为他而造并靠他维系，首生强调优先与承受地位。不能孤立一个词推翻同段创造主与元首的明确说明。
帖撒罗尼迦前书|帖前4:13–18：复活盼望怎样安慰丧亲者？|担忧是已经死去的信徒是否错过主的再来；保罗从耶稣受死复活说明，他们不会被排除。段落终点是彼此劝慰，重点在与主永远同在，而不是提供完整末世图表。|这种盼望不取消哀伤，只改变哀伤最后的界限。5章警醒又回到信、爱、望与共同体责任：真正等待主的人仍工作、照顾和彼此建立，不靠持续惊慌证明属灵。|得安慰是否意味着不该流泪？|不是。经文区别的是有无盼望，不是有无眼泪。可承认损失、陪伴哀伤并说出复活根据；用催促快乐或推算时间替代倾听，反而偏离段落的牧养目的。
帖撒罗尼迦后书|帖后3:6–15：纪律怎样不变成羞辱穷人？|保罗针对有能力却不肯工作、忙于干涉他人的人，并非所有失业、疾病或照护者。查清不愿和不能的区别，是把经文负责任用在现实处境的必要步骤。|劝戒目的包括恢复群体秩序，15节又要求仍按弟兄对待。纪律不等于敌对与撤去一切关怀；2章抵挡末世惊慌也说明，等候主不能用来逃避今天应尽的责任。|为何不应把拦阻者的某一解释当唯一认信？|文本提供判断主日误解的核心，却未让所有细节都毫无争论。教会可以研究不同解释，但共同要求是持守使徒福音、不轻易被新消息摇动并继续忠心生活。
提摩太前书|提前3章与5:19–21：领袖资格和问责为什么都重要？|资格多关乎节制、诚实、家庭责任和外界声誉，显示教会不能只按口才选人。5章又防止两种错误：无证据的指控伤害人，或因为职任而偏袒真正犯罪者。|纯正教训的目标是爱，治理的目标是保护真理与群体。欧陆改革宗职任理解应连到这些品格与责任要求，不能把合资格仅缩成性别，也不能让职位成为不被审查的护符。|敬虔为什么不能以财富作证据？|6章明确反对把敬虔当获利手段，要求知足并让富有者慷慨。资源可用于善事，却不使人更配得救恩；贫乏同样不能直接判为缺乏信心或受神厌弃。
提摩太后书|提后3:14–4:5：圣经装备人怎样进入传道？|圣经使人有因信基督得救的智慧，随后教训、督责、纠正和训练公义，使人预备善工。接着的传道命令要求忍耐与教导，表明知识要成为清楚、忠心而负责的牧养。|圣经足够并不免去理解语言、背景与文体；正解真道需要认真学习。保罗临别仍请求书卷和陪伴，也说明传承不是把领袖神化，而是把福音交给可靠的人继续承担。|责备为什么要和忍耐放在一起？|没有真理就无法指出错，没有忍耐就可能把人当作胜负对象。传道者既要抵挡迎合欲望的教训，也要以实际关怀帮助人理解和悔改，不能用严厉姿态代替论证。
提多书|多2:11–14与3:4–8：恩典如何既免费又结善行？|2章说恩典教导人弃绝不敬虔，3章说救恩出于怜悯而非义行。两段的次序保护福音：善行不是入门费，领受基督的人又不会把更新视为与救恩无关。|基督洁净属他的百姓，圣灵重生使人承受永生，具体善行因此是感恩与见证。1章领袖品格和3章公共责任连接这个根基，教义不能只被用作压过别人。|怎样避免善行变成自我评价的焦虑？|先看救恩根据在基督与神怜悯，再具体回应今天可尽的责任。软弱时认罪求助，进步时不夸功；不以短期表现买确据，也不因恩典免费就合理化伤害。
腓利门书|门15–19节：弟兄身份怎样改变实际账目？|保罗要求接纳阿尼西母如接纳自己，并愿承担可能的亏欠。关系更新涉及住处、身份、经济与权力，不是只在称呼前加一个弟兄却保持全部旧的轻视。|书信借爱恳求而非只凭命令，并让家中教会也在收信范围中。和好成为共同体可见的责任；文本没有详列历史细节，读者不能把推测的偷窃与逃跑路线当已经证明的事实。|本书为何不能成为奴隶制度的永恒许可？|它在现存制度中要求超越主仆标签的亲爱弟兄关系，福音真实挑战人的价值被所有权决定。没有一份现代法律方案，不等于认可一切制度或免除今天保护自由与尊严的责任。
希伯来书|来10:1–25：一次献祭为什么导向持续聚会？|前半指出重复献祭的限度，基督一次献上使人亲近神；后半便呼召坦然进前、坚守盼望、彼此激发爱与善行。完成救赎并未把人变成独立于群体的观众。|警告接在恩典论证之后，促使人停止退后、继续信靠。多特坚忍教义同样不能删除警告和蒙恩途径；确据根基在活着的中保，持续劝勉是他保守百姓的实际方式。|警告是否说明每次失败都无法再悔改？|不是。书信同时邀请软弱者到施恩宝座，严重警告针对弃绝基督的方向，不能简单套到所有挣扎。牧养应既指出危险，又把真实悔改者引向中保与群体扶持。
雅各书|雅2:14–26：活信心的检验为何从衣食开始？|有人对缺衣少食的弟兄说平安话，却不给实际帮助；雅各以此揭露口头宣称的空洞。所批评的不是真信心功效不足，需要行为补款，而是这个宣称并不具活的性质。|亚伯拉罕的顺服显示信心落实，不能倒读成靠以撒献祭买到神接纳。与罗4合读，要区分称义根据与活信心的果子；改革宗认信既排除行为功德，也排除无果子的自我保证。|雅各和保罗为何看起来说法相反？|因为他们反对不同错误：保罗反对靠功德求接纳，雅各反对无行动的宣称。把对象和论证恢复后，两者共同将救恩根基归神，并要求信心进入爱邻舍的现实。
彼得前书|彼前2:21–25与5:1–4：受苦榜样为何不支持辖制？|基督无罪受苦不报复，并独特担当罪；门徒学习忠心与不以恶报恶，不能替别人赎罪。5章对牧者的要求是甘心服事、作榜样而不辖制，限制领袖如何使用权力。|若用受苦教导逼人留在暴力里，便同时违背群体保护和牧者责任。4章还区分作恶受苦与为信仰受苦，任何领袖争议都不能不查事实就被命名为外界逼迫。|寄居身份是否意味着不关心公共生活？|不是。2–3章要求可见的善行、尊重与温柔回答；属于神使人更认真对待邻舍，而不靠社会认可取得最后价值。合法求助、保护弱者与信靠神可以并行。
彼得后书|彼后3:8–14：等待为什么是悔改机会？|嘲笑者把主尚未再来当作失信，作者却把时间的限度与神的忍耐连起。3:8是纠正人以自身时钟限制神，不是一日换算千年的计算公式。|新天新地的盼望随后成为圣洁、敬虔与和平的理由。末世研究若只产生猜测而不产生负责生活，就偏离劝勉；对扭曲保罗书信的警告也要求细读而非追新奇。|假教师怎样被辨认？|第2章同时指出错误教导、贪婪、放纵与利用人，应看福音和品格的整体证据；不能把每个次要分歧都判为异端，也不能因有人能力强就忽略操控牟利。
约翰一书|约壹1:8–2:2与3章：认罪者怎样获得确据？|自称无罪是在拒绝真理；认罪者却被指向真实公义的中保。3章不容人把罪当正常身份，两段必须合读，避免一面制造绝无软弱的标准，另一面让罪永不需被对付。|相爱和顺服是相属的标记，3:17特别用帮助有需要的弟兄说明爱。确据以基督赐生命为根基，果子帮助检验自我宣称；不能倒转成累积够多好行为才获得中保。|感觉不到强烈属灵体验是不是没有生命？|不能这样判断。应看是否信靠真实基督、愿认罪归回、在爱与顺服中长进；感觉可能随疾病、疲惫和处境波动。牧养既安慰软弱，也诚实面对持续合理化罪的危险。
约翰二书|约贰7–11节：接待为何不是总中立？|巡回教师需要住宿与支持，接待可能使其教训获得传播平台。作者面对否认基督成肉身的教导，因此限制参与错误传播，而不是取消对陌生人的日常礼貌与照顾。|真理保护真实救主，爱使真理进入关系；这两者在短书里不可分开。教会支持资源或讲员时，应先看核心认信，而不是只看感染力与群众规模。|拒绝资助错误是否等于不爱人？|不等于。爱不要求帮助危险教训扩散，却要求诚实尊重并愿清楚解释；也不能将本段扩大为对所有非信徒不问候、不帮助，必须保留书信的特定对象和传播处境。
约翰三书|约叁9–10节：好为首怎样伤害教会？|丢特腓用毁谤、拒绝接待和赶人维护中心地位；问题不只是性格难相处，而是权力阻断忠心工人和群体协作。该犹的慷慨因此既是物资支持，也是对真理使命的实际参与。|与约翰二书合读，接待需辨别教训，也需避免控制型领袖任意否定所有外来帮助。低米丢的好见证提供公开依据，不让合作仅由私人喜恶决定。|2节是否保证属灵越好身体财富就越好？|不是。它是健康与生活顺利的祝愿，不是神学比例定律。疾病、贫穷或服事规模不能单独裁定灵性；核心赞许在行在真理和以爱支持弟兄。
犹大书|犹20–25节：争辩真道为何仍要区别对待人？|蒙保守的群体要祷告、建造、持守神的爱，同时对疑惑者怜悯、对陷在危险中的人及时帮助。判断教训与牧养个人不是同一动作，不能只剩统一强硬姿态。|颂赞把最终保守归于神，前面真实责任仍被保留。神主权使人有盼望地警醒，不许可猜测谁注定失丧，也不使真理争辩变成自我优越。|引用犹太传统是否将整部传统著作变成圣经？|不是。作者在圣灵引导下使用材料，不表示材料原载的全部内容都获得同等权威。应按本书如何使用它来读，并保持圣经与其他文献的规范层级。
启示录|启5与18章：羔羊和巴比伦代表怎样不同的胜利？|宝座前的羔羊被杀却站立，他以救赎得胜；巴比伦以财富、消费、权势与掠夺支撑繁荣。18章贸易清单甚至涉及人的身体生命，使繁荣背后的利用被揭露。|21–22章的终点是神与人同住、咒诅除去，不是永远战争。书中审判支持受压者的盼望，也呼召教会停止参与偶像体系；真正得胜以忠心和羔羊的道路判断。|为何不能只用新闻逐项解释异象？|原书先给亚细亚七教会听见、遵守，有大量旧约图像作词汇。应先读受信群体、文体和正典关联，再讨论实现；猜日期或给所有敌手贴兽标签，会取代实际悔改与忍耐。
